"TIMESTAMP","PAR_Apogee_lake_0dm","PAR_Apogee_lake_4dm","DOsat_optode_lake","Temp_optode_lake","PAR_Apogee(1)","PAR_Apogee(2)","PAR_Apogee(3)","PAR_Apogee(4)","PAR_Apogee(5)","PAR_Apogee(6)","PAR_Apogee(7)","PAR_Apogee(8)","PAR_Apogee(9)","PAR_Apogee(10)","PAR_Apogee(11)","PAR_Apogee(12)","PAR_Apogee(13)","PAR_Apogee(14)","PAR_Apogee(15)","PAR_Apogee(16)","DOsat_optode(1)","DOsat_optode(2)","DOsat_optode(3)","DOsat_optode(4)","DOsat_optode(5)","DOsat_optode(6)","DOsat_optode(7)","DOsat_optode(8)","DOsat_optode(9)","DOsat_optode(10)","DOsat_optode(11)","DOsat_optode(12)","DOsat_optode(13)","DOsat_optode(14)","DOsat_optode(15)","DOsat_optode(16)","Temp_optode(1)","Temp_optode(2)","Temp_optode(3)","Temp_optode(4)","Temp_optode(5)","Temp_optode(6)","Temp_optode(7)","Temp_optode(8)","Temp_optode(9)","Temp_optode(10)","Temp_optode(11)","Temp_optode(12)","Temp_optode(13)","Temp_optode(14)","Temp_optode(15)","Temp_optode(16)","DOconc_optode_lake","DOconc_optode(1)","DOconc_optode(2)","DOconc_optode(3)","DOconc_optode(4)","DOconc_optode(5)","DOconc_optode(6)","DOconc_optode(7)","DOconc_optode(8)","DOconc_optode(9)","DOconc_optode(10)","DOconc_optode(11)","DOconc_optode(12)","DOconc_optode(13)","DOconc_optode(14)","DOconc_optode(15)","DOconc_optode(16)","Trilux_Chloro(1)","Trilux_Neph(1)","Trilux_Phycocy(1)","Trilux_Chloro(2)","Trilux_Neph(2)","Trilux_Phycocy(2)","Trilux_Chloro(3)","Trilux_Neph(3)","Trilux_Phycocy(3)","Trilux_Chloro(4)","Trilux_Neph(4)","Trilux_Phycocy(4)","Trilux_Chloro(5)","Trilux_Neph(5)","Trilux_Phycocy(5)","Trilux_Chloro(6)","Trilux_Neph(6)","Trilux_Phycocy(6)","Trilux_Chloro(7)","Trilux_Neph(7)","Trilux_Phycocy(7)","Trilux_Chloro(8)","Trilux_Neph(8)","Trilux_Phycocy(8)","Trilux_Chloro(9)","Trilux_Neph(9)","Trilux_Chloro(10)","Trilux_Neph(10)","Trilux_Phycocy(10)","Trilux_Chloro(11)","Trilux_Neph(11)","Trilux_Phycocy(11)","Trilux_Chloro(12)","Trilux_Neph(12)","Trilux_Phycocy(12)","Trilux_Chloro(13)","Trilux_Neph(13)","Trilux_Phycocy(13)","Trilux_Chloro(14)","Trilux_Neph(14)","Trilux_Phycocy(14)","Trilux_Chloro(15)","Trilux_Neph(15)","Trilux_Phycocy(15)","Trilux_Chloro(16)","Trilux_Neph(16)","Trilux_Phycocy(16)"
2022-07-07,0,8.55047333333333,107.116881829043,21.2182666666667,4.78408,4.66491333333333,5.54658,5.22611,6.54427666666667,5.87753666666667,7.28017666666667,4.69427666666667,6.23063666666667,6.22022333333333,5.13030333333333,5.24968,5.81444,5.55297666666667,4.74162,5.22867666666667,102.492517152098,105.936858180919,106.345087524333,104.372724821526,102.994267731895,101.322316436124,103.178038367086,100.044676381534,102.814626438472,101.537231012662,105.2649008399,101.445020384744,103.455306879124,100.127707435984,102.669190183454,97.0758908103659,20.6972666666667,21.3367666666667,21.4445,21.5239333333333,20.7282,21.6275666666667,20.6936333333333,20.7641666666667,20.7776333333333,20.8182,21.3509666666667,20.609,20.8376666666667,20.6397,20.7173666666667,20.6504666666667,9.5084088445888,9.19098699638915,9.38166119633475,9.3983040561931,9.20984159453498,9.23039974134403,8.92260081562691,9.25312693143852,8.95962609373285,9.20538694196475,9.08364566372338,9.31978926670723,9.11286920137053,9.25172757161757,8.98913954424962,9.20322049578997,8.71329870723266,16.1909,1.40560135135135,5.66314715719064,10.9770933333333,1.34056,5.55520333333333,12.3872666666667,1.49110666666667,5.41808666666667,15.3109,0.58047,5.26058666666667,8.77662,1.85159,3.95800666666667,14.2444666666667,2.17742,10.1570133779264,9.49021,1.11736,4.51126,12.086,1.43888333333333,5.18726666666667,11.7089133333333,1.59204666666667,13.3331666666667,1.67332333333333,5.34498,9.28997333333333,1.38117666666667,4.31475666666667,10.39666,1.11258666666667,4.14235,9.68843333333333,2.11325,3.63581333333333,9.71994333333333,1.62050333333333,3.90741333333333,10.9451266666667,1.28170333333333,3.81073333333333,17.1519666666667,0.997823333333333,6.06061666666667
2022-07-08,125.553753665689,165.213991917708,107.115825870544,21.2206740792217,106.936296038916,87.2012008339124,91.6041257817929,113.38185605007,98.2720687977762,103.802533525595,101.462012893983,101.850382904795,105.497681028492,89.6007603129445,94.8799895760945,98.0549034051425,103.211511466296,100.071495482974,103.03836066713,108.030634468381,103.548580552724,106.172841725491,103.366677371554,101.009890104043,104.064790977169,98.4989141555806,104.349403850573,102.205055764078,103.456756005414,101.611609111282,104.951331732946,102.0012887134,105.624570024054,100.573575851258,103.431327755652,97.901823536644,20.7387977762335,21.0674913134121,20.8526615705351,20.8235927727589,20.7597637248089,20.9249131341209,20.7285128561501,20.7108061153579,20.771403752606,20.7155246699097,20.8180611535789,20.6691869353718,20.8319874913134,20.6764280750521,20.7531619179986,20.6914107018763,9.50787039618032,9.27675248563869,9.45218650596878,9.24069877408688,9.03520241907053,9.31941042062194,8.79315381591387,9.35043704773257,9.16056208787838,9.26319140454301,9.10762424912003,9.3877194075301,9.15112988623622,9.4449838861259,9.02180342902425,9.26403188485448,8.77930302970233,10.5536808066759,1.62000486448923,3.77430041724618,12.0487143849896,1.41545132127955,5.49208130646282,10.5100660180681,1.50263212795549,4.55064419735928,10.3554541029207,0.601189151599444,3.81604447533009,8.44486082115518,1.6210319666435,3.4957574704656,9.74721264767199,1.70451078636047,8.65314176511466,9.93886865879083,1.77999026425591,4.44812925642807,12.3189151599444,1.77268150208623,4.98231176061239,9.01450695410292,1.47854102920723,9.61688803894298,1.39487552155772,4.3710375782881,10.222255038221,1.52953616133519,4.77696108408617,9.22269680111266,1.25544019471488,3.33283240611961,9.6072703266157,1.9996050069541,3.64351563585823,9.15737526059764,1.3835347705146,3.90135371785962,8.22611744266852,1.25918706536857,3.09768172341904,12.7137920723227,1.23313342599027,4.57622183588317
2022-07-09,148.006787151703,145.975928413284,107.083045025033,21.2136875,91.0475916083916,69.2707222222222,72.2044215277778,89.0166986013986,75.1634151599444,86.6327116212339,76.4744363767074,79.8153389004871,86.9690479833101,73.2582828282828,75.1929076388889,77.0157194444444,87.9125267546908,78.2573773453787,86.7210674547983,92.3674038997215,104.526597514715,108.334830658276,104.21786393198,100.849709624372,106.012263954565,98.3529675575613,104.61215277542,106.490537593005,104.214324509623,102.525048575244,109.42912263635,103.3359517913,109.440423590403,101.857387242071,104.220043722246,98.8477251861115,20.7456736111111,20.7423055555556,20.7267777777778,20.6532361111111,20.7820208333333,20.7245833333333,20.725,20.6864027777778,20.7458958333333,20.7138819444444,20.7211458333333,20.6508958333333,20.8162430555556,20.6702569444444,20.7448263888889,20.6506458333333,9.50625473273208,9.36411912789391,9.70505028432331,9.33919858903598,9.05113897039992,9.48977604438339,8.8145829231998,9.37593607497025,9.55025022138376,9.33601409395829,9.19053351809796,9.80712782129708,9.27426328889095,9.79015617611082,9.13822267595031,9.33681872491751,8.87199703874445,10.0943680555556,1.66074913134121,3.99416458333333,14.6069756944444,1.70560319666435,7.13403194444444,11.6948665740097,1.53717373175817,5.32285,8.50212847222222,0.683146629603892,3.74976041666667,10.3238492008339,1.53993667362561,4.22255833333333,8.76868797776233,1.68190138888889,8.48548611111111,9.55167013888889,1.98695343988881,4.65667685892981,15.0048184979138,2.0030702364395,6.69763655316192,8.09761319444444,1.3538978457262,8.54929166666667,1.22952189020153,4.05903961084086,13.0271125,1.58817663421419,6.44780972222222,11.0904965277778,1.33848575399583,4.59536091794159,11.4162015288395,1.94766504517026,5.04780125086866,10.2887520833333,1.28962751911049,4.64352708333333,7.29701527777778,1.2424107018763,3.05246597222222,11.8876152777778,1.02340751043115,4.81247152777778
2022-07-10,218.309422087746,165.395591257669,107.144454832674,21.2258125,101.421068213783,82.116191799861,79.8409270833333,109.745813888889,89.1505944444445,97.5779329529244,96.4916797712652,94.1208284722222,101.841445859873,100.431236804565,89.7362763888889,97.5955340751043,100.18187394958,84.3708617095205,103.327833566434,116.256042867182,105.571776849897,112.959500740246,110.873337379295,101.945040696086,112.36939434232,99.3579243758474,106.61532731255,112.654467866037,105.38016050722,103.580757988923,115.676570772978,109.938914482794,113.714182927654,107.099647125332,104.940889390125,100.383287399311,20.4748680555556,20.4609097222222,20.4420347222222,20.4151805555556,20.4859305555556,20.4177013888889,20.4338333333333,20.4465902777778,20.4712708333333,20.4404236111111,20.4578680555556,20.4023888888889,20.5128055555556,20.3905138888889,20.4355694444444,20.3616319444444,9.50945888474984,9.50791798654845,10.1751077618407,9.98989698565687,9.19217344374119,10.1163594809437,8.95846064140747,9.60976775353198,10.1503177969275,9.49158531785083,9.33510108347222,10.4201839146068,9.9139162955122,10.2330316630983,9.66050705845749,9.45862571976929,9.06100748322032,10.4012722222222,1.65175972222222,4.22945587213343,18.4710958333333,2.11347046560111,9.07117859624739,17.0269743055556,1.72514812239221,8.44117777777778,9.13483333333333,0.888429464906185,4.13811952744962,14.9643810848401,1.73046944444444,6.24546421125782,9.03470833333333,1.88206671299514,8.99809305555556,10.1858130646282,1.64483263888889,4.8836212647672,19.0068875,1.89582684283727,8.75457291666667,9.33136483669215,1.45674251913709,9.86327310632384,1.18587857641312,4.57908136300417,17.3269305072967,1.98557638888889,8.54337734537873,16.7211605281445,1.41505138888889,7.02632939541348,15.5004517025712,2.03461848505907,7.03137152777778,15.8184454482279,1.5993446838082,7.23071766342142,8.48290271021543,1.35594927032662,3.71446421125782,13.5723002084781,0.788346073662266,5.48601389854065
2022-07-11,216.867348027842,183.879310421286,107.140156146139,21.2266319444444,98.0844095371669,69.1394798611111,70.2565944444444,98.6527703081233,74.8151862404448,86.8949751066856,86.8966156048676,89.4685131944444,97.0864491643454,79.9628241134752,78.3571305555556,77.7699402777778,85.3081409722222,72.2391104166667,84.9956212647672,99.2825308123249,106.902322778197,116.093268857709,121.778842317207,102.980202399757,121.212473941753,100.250028850297,107.722921718752,115.719399459952,105.872338306472,104.659901327686,119.604348820316,119.906094768883,115.132142115241,115.547844931145,105.917272146346,103.239735038452,20.6397638888889,20.5638402777778,20.5685486111111,20.5227847222222,20.5940208333333,20.5026875,20.5406527777778,20.5436180555556,20.5733333333333,20.5442708333333,20.5582152777778,20.5066180555556,20.6042569444444,20.49225,20.5086111111111,20.8065416666667,9.50892449535446,9.59613316220318,10.4356619834138,10.9424799073032,9.26588186538643,10.886981108467,9.02370295801173,9.68902574157105,10.4064988980386,9.51667214418027,9.41285316574666,10.7526195056239,10.7881725553279,10.3418013937718,10.3990758038133,9.53270699683154,9.23550212485848,10.4193245309243,1.5937595552467,4.56915299026426,20.4152881944444,2.16192633773454,10.0709368055556,26.0692076388889,2.01290271021543,12.8062265462126,8.70609027777778,0.747509381514941,4.28808484005563,21.2101890201529,2.24237969401947,9.05753439888812,8.60828422515636,1.74483298538622,8.97712291666667,10.3955760945101,1.63037083333333,5.10065253648367,21.3515371785962,1.86931732776618,9.98306944444444,10.1112885154062,1.46218428571429,10.6292955493741,1.29240611961057,5.26380945757997,19.9363979166667,1.97777885952712,9.6396191799861,27.1203335649757,1.79619110493398,11.3109041666667,18.2723694444444,2.39489923558026,8.41325763888889,25.2670402777778,1.92431111111111,11.2429694444444,9.11343125,1.38345479833102,3.91565368567455,14.5008743055556,0.762706045865184,5.87709166666667
2022-07-12,273.607479061977,243.887426426426,107.165334167272,21.2304652777778,116.25370997191,72.6252515635858,78.1842315716273,113.574371249128,83.6295597222222,96.5792880986938,99.9407006460876,106.730569037657,120.89543895554,92.179571529745,80.9749958333333,87.2792673611111,96.0783068893528,79.9246708333333,93.6340132588974,116.363823405746,110.091294123611,119.620237797913,129.604845147409,103.961189739248,129.161225454829,101.129797809337,108.807467830865,119.117038171677,107.260016535304,106.2998325393,123.214188480342,126.60035685233,117.45023743145,122.627254107238,107.229244273136,102.225334392581,21.3434513888889,20.9265833333333,20.9103194444444,20.8660555555556,21.3865347222222,20.8504861111111,20.8489236111111,20.9095694444444,20.8795416666667,20.8766458333333,20.8676666666667,20.8281111111111,20.9329861111111,20.7949375,20.827125,20.7695833333333,9.51044864497761,9.74857876274229,10.6754606333146,11.5704527282819,9.29103227220917,11.4276606383109,9.04063517470841,9.72734778894136,10.6346114185108,9.58283637657171,9.49783262311468,11.0091065551076,11.3214331332123,10.4813003147638,10.9726822755249,9.59041219715228,9.15334061953643,10.1736881944444,1.55234746351633,4.47923958333333,22.8183690062543,2.08912865090403,11.439637248089,29.0977416666667,1.89358958333333,12.8993347222222,8.0910298818624,1.07123194444444,4.21055663655316,24.0659624739402,3.25198193189715,10.1982986111111,8.76503194444444,2.38762222222222,9.20866111111111,10.2673541666667,1.675225,5.25703402777778,23.8965045170257,2.19653092425295,10.8304083333333,10.6292513888889,1.87809103544128,10.7945580264072,1.53273819444444,5.13055802640723,21.2167222222222,1.99147810979847,10.1790674079222,30.1330437804031,1.98238525730181,12.5201236970118,22.5709854166667,3.35663908205841,10.2823777777778,31.9192965277778,2.48184086170952,13.72344375,8.86014186369958,1.32002990264256,3.78052536483669,14.21578581363,1.04330347222222,5.94934027777778
2022-07-13,226.416096045198,211.983306716418,107.029149314467,21.6269619326501,126.329746527778,69.9467762334955,78.2598686587908,109.26247635605,81.8720368311327,114.68123689878,114.311645818182,93.0208506944444,124.162020862309,90.2167324343506,76.4706018068103,88.535657162726,90.0359284722222,81.5113974982627,100.000243055556,126.659726388889,108.498474870067,123.603024847721,130.146730830455,104.492259349776,125.958676313861,101.771315099315,109.694339160118,122.410410955968,108.828435935534,107.692635638741,127.326650775736,126.673909695808,121.386081345842,124.259867543427,108.628696213492,103.467464354162,21.3647083333333,21.3393402777778,21.3297847222222,21.2746111111111,21.3772638888889,21.3095277777778,21.3402569444444,21.3520763888889,21.3723541666667,21.3249166666667,21.3504583333333,21.2881944444444,21.4523888888889,21.2730972222222,21.3727847222222,21.2645277777778,9.45443532066332,9.60155060770208,10.9401773743102,11.5235819691894,9.26363803892376,11.1427321064156,9.01602561474156,9.71211233577829,10.8318893370415,9.62972994631241,9.53758122981639,11.2668331293665,11.2263118719327,10.7208547580338,11.0149457315412,9.61154194427651,9.17430104495198,11.1425726198749,2.03946597222222,5.36819930555556,24.4366875,2.02827310632384,12.7761591382905,27.7024819444444,2.13328472222222,12.3676395833333,8.27946421125782,0.718193324061196,4.30980555555556,21.6022986111111,2.71552258512856,8.71041348158443,9.04235163307853,2.86516191799861,9.35633055555556,10.0949277275886,1.88470763888889,4.95270813064628,26.6889979166667,2.77829812369701,14.5514888888889,10.1590826963169,1.91803333333333,10.8803958333333,1.59332731063238,4.95702013888889,26.0140347222222,2.98957678943711,12.1826020833333,26.3008269631689,2.16096942321056,10.3179562195969,24.8587795549374,2.7676951048951,11.1547657342657,29.0587930555556,2.84029256428075,12.0411951388889,9.40035347222222,1.94296733842947,4.27987152777778,14.5361013888889,1.26676564673157,6.15919097222222
2022-07-14,215.756684807256,170.551847583643,102.332305543662,21.1795069444444,86.8118838348495,60.7434951388889,62.3842208333333,73.7384440583739,65.2372487838777,65.7439795486601,81.9650302390999,66.32953161918,73.6651482254697,76.3053184397163,61.9094270833333,71.3331118055556,72.0258380820014,62.29501875,65.0976567060459,97.2773688981869,106.264821231382,122.456033998579,123.200384647067,102.08468042022,119.167290559599,98.9619190868574,107.731480368675,121.870278057485,106.021662300838,105.361366675099,125.619725141388,120.46672436847,118.52295633189,116.951677958716,106.446502510753,101.42613449482,21.0952986111111,21.0644513888889,21.0849930555556,21.0096875,21.1187013888889,21.0212361111111,21.0474375,21.050375,21.0944930555556,20.9995208333333,21.0675069444444,20.9755833333333,21.1169027777778,20.9299444444444,21.0821527777778,20.9134791666667,9.09009449590835,9.45519427694546,10.9021556353533,10.9639060398361,9.0985028451412,10.5979993531972,8.81814115400615,9.59469929123226,10.8532044587791,9.43368073006135,9.39239532803576,11.1832325446624,10.7437146571466,10.5411147809407,10.4393994399695,9.47377988392227,9.05691419168704,10.6828013888889,1.89811111111111,5.26269583333333,25.0034120917304,2.02399236111111,14.2777755385685,23.0977152777778,2.68155902777778,11.5571222222222,10.0112654621265,1.34668102849201,5.29661570535094,19.4990194444444,2.82489089645587,9.40349687282835,10.1660555555556,2.82858194444444,10.1200361362057,10.1969013203614,1.99841556636553,5.40383333333333,29.100722724114,3.43269770674079,13.7106740792217,11.0826066712995,2.26195552466991,10.5221326388889,1.56797986111111,5.42771597222222,27.0328240740741,3.32501543209877,13.3852314814815,21.515486862442,2.12602163833076,8.65550231839258,24.0851495327103,2.60563414634146,11.9338314785374,25.2910848765432,2.75702318392581,10.8365987654321,9.77984413580247,2.20892426584235,5.32683796296296,12.9941666666667,1.3866774691358,6.41534104938272
2022-07-15,169.55260745614,125.861360373295,99.3696661362798,20.0637013888889,69.1558902777778,52.7195472222222,47.9611298611111,36.4794555555556,48.1806111111111,37.1563669214732,73.695270745429,49.7595895833333,35.2189493055556,67.9183445143256,51.731925,49.0633152777778,60.3626013888889,47.6599666666667,36.2091994440584,78.9187715277778,102.503818017108,117.582830618691,115.974353140532,96.7500042994864,112.449540387044,93.1447014854901,103.709440436223,117.263331559396,100.151233407476,101.415744222491,120.86247750813,114.460031039207,112.748496738017,110.268483536532,100.695042383819,97.5482496896979,19.6422569444444,19.6057986111111,19.6413402777778,19.6132569444444,19.6695694444444,19.6009027777778,19.6170208333333,19.5962777777778,19.6778819444444,19.6188402777778,19.6715277777778,19.551375,19.6789861111111,19.5493333333333,19.7073055555556,19.4746458333333,9.02347291690424,9.38660868852947,10.7752174517162,10.6206026544573,8.86463307858567,10.2920427043299,8.53634256736001,9.50171502039234,10.7482681526768,9.16445183642563,9.29122556758596,11.0615646505079,10.5013174461318,10.3168984454294,10.1167987831217,9.20870271792851,8.96276636740103,11.0035580264072,1.69451527777778,5.6359826147427,26.4141626129256,2.72064513888889,15.7698125,31.3268298611111,2.60620291869354,15.2990756944444,11.3720340277778,1.44288194444444,6.14041805555556,24.6602779708131,2.65109861111111,12.1830528144545,10.9095298611111,2.84273106323836,11.0034680555556,9.64422708333333,2.00579444444444,5.77735416666667,29.0521041666667,2.62507638888889,14.80428125,13.6328618055556,2.27763125,10.6612840277778,1.57587569444444,6.0126935371786,26.1646323529412,2.29276470588235,15.0638725490196,39.869241126071,2.30616034271726,16.6056303549572,29.6468665850673,4.21716034271726,13.9699571603427,42.2258599508599,3.328914004914,17.4654914004914,11.6953788819876,2.49253043478261,5.62416397515528,11.9640099009901,1.36226856435644,6.8724900990099
2022-07-16,148.444945850914,86.6588275613276,98.7824348507123,19.1839305555556,54.5012006944444,44.6501152777778,39.0520305555556,31.4003638888889,38.7852590277778,31.1109923611111,62.1682852137351,40.0716534722222,28.7507131944444,60.7353335654596,40.8114777777778,42.3985104166667,45.1622430555556,37.2261333333333,29.5909479166667,65.6263680555556,101.04954736858,115.175229443888,121.321121542001,95.9256181584741,117.01569478193,92.3116665076895,101.84778392632,115.552898424488,99.3861327432733,99.7423254144626,119.36239523713,121.610643416733,109.390644410658,115.343015201143,99.6909751926009,95.7355887167654,18.6860625,18.6472847222222,18.6941041666667,18.6774930555556,18.7426458333333,18.6513541666667,18.6650277777778,18.6615,18.7182847222222,18.675625,18.7250208333333,18.623,18.7624791666667,18.6094305555556,18.7704791666667,18.5569513888889,9.12989594989326,9.43350205279505,10.7608709904824,11.3259821631433,8.95683178700541,10.9132665872558,8.62414216285978,9.5120310863857,10.793066884326,9.2723389874514,9.31338822976774,11.1346569142627,11.3696108626492,10.1967290165164,10.7866102685222,9.29096056394821,8.96089422453027,10.1963743055556,1.85300836820084,5.65101042390549,26.8592487838777,2.51626008344924,17.3434118055556,41.2206840277778,2.384340514246,20.0232784722222,12.564775,1.08494649061849,7.45242291666667,34.3586944444444,2.35366018068103,16.3850277777778,11.6002849200834,2.32188472222222,12.1573888888889,8.28426319444444,1.80505350938151,5.73520902777778,29.3979416666667,2.26559624739402,14.9833152777778,15.9315020833333,2.27345827538248,10.7502208333333,2.28340236275191,6.80413472222222,27.5397333333333,2.43008472222222,16.3580118055556,51.4336111111111,2.6955625,21.61381875,30.4113402777778,3.64593680555556,14.8545694444444,52.9012944444444,3.06838985406532,22.0196340277778,13.2721041666667,2.26353995830438,7.16138263888889,11.2316770833333,1.14486935371786,6.88815
2022-07-17,217.460068525896,188.967742492493,101.746763027805,19.1268819444444,90.6163047419805,57.1170571030641,53.837301322199,46.1400778318277,56.0350528144545,46.0726321279555,86.8486986100951,71.1691604166667,40.1544652777778,82.2800498915401,57.2962466990966,59.0060632823366,77.9394365411436,54.5267173611111,47.3308624044475,105.354076815642,101.589276681436,118.001495308385,134.950428127641,99.6968411375305,128.365302642806,96.3718837827189,102.216031100618,118.706168477432,103.19071592052,99.9825785896223,121.855520293079,133.179633034907,112.61649969383,126.175701427663,103.455458147584,96.5138189786552,18.5741597222222,18.5113819444444,18.5522083333333,18.5504930555556,18.6257222222222,18.5233194444444,18.5140833333333,18.5259861111111,18.6090555555556,18.5215486111111,18.5638055555556,18.4706388888889,18.6483333333333,18.4663333333333,18.6230208333333,18.3977638888889,9.40987312407888,9.50378633284165,11.0494300388753,12.6208530277537,9.32920699901306,11.9879093139253,9.02259164461219,9.57448851024684,11.1122347576925,9.64444306718335,9.36379728029265,11.3987072247806,12.477904324047,10.5154445847262,11.8219381391758,9.66650378019853,9.06146388458184,9.11698540653231,1.91454760250174,7.30933796940195,31.2384305555556,2.64054836464857,19.1332048611111,40.3714569444444,2.32505698401668,22.8607143849896,13.6079506944444,0.941142361111111,7.56823280055594,32.5916131944444,2.36304725503822,14.8134774148714,11.1911513888889,1.7036933240612,11.5915983321751,6.43327310632384,1.44423226703755,4.917719054242,26.8198672689368,2.31530437804031,14.6455069444444,15.516819763396,2.24860528144545,9.76540375260598,3.05759735744089,6.48799096594858,26.2963090128755,2.59534144595562,16.954064469914,44.6288196134574,2.39442263610315,20.2879799426934,26.2762233357194,2.92464183381089,13.4316900501074,49.4366091624911,2.59392043010753,21.1963583690987,12.7623965640659,1.74060415175376,7.48469027181688,8.98476289398281,0.906106810035842,6.20208876163207
2022-07-18,177.299320138889,99.722040201005,105.306536052237,19.5439236111111,66.6664520833333,49.6402592077832,43.6298492008339,38.0061819444444,43.9043006944444,35.2509068797776,68.6399316120028,45.0980027797081,27.4317326388889,68.8681677148847,45.6859173611111,48.7451027777778,46.3330097222222,41.8760513888889,31.7949013888889,75.1541923611111,103.036917489157,124.365228374022,144.24457516009,105.730958745588,136.82942839492,102.854866772927,103.694500336797,124.289778489568,108.893414049914,101.371241942046,126.469557157577,140.893808325819,119.222406127759,134.524055760351,109.614982344834,98.6993685785842,19.3910347222222,19.3032152777778,19.3784166666667,19.3455277777778,19.4422430555556,19.3362291666667,19.3517013888889,19.3458402777778,19.4122986111111,19.3139236111111,19.3814097222222,19.3124166666667,19.4935555555556,19.2863888888889,19.4429236111111,19.2797986111111,9.660509973291,9.4815056677131,11.4616052014944,13.2740472120637,9.73637885320338,12.5762607989194,9.47323944332909,9.54982726456028,11.4449345648731,10.0146371185176,9.34287755159298,11.6374360148441,12.9833258342407,10.9463091348645,12.4032065859342,10.0740402565565,9.10263107030534,12.5911009749304,2.5243147243545,5.85302932960894,47.8281805555556,4.01951180555556,28.5159583333333,38.3562795549374,3.33997913769124,21.0444544822794,16.5682418346074,1.00085,9.6770340514246,27.9308409722222,3.49477916666667,12.4630451702571,18.0279604166667,2.06724027777778,13.3746606397775,10.8906069444444,2.33168958333333,6.74465208333333,29.6307569444444,2.80461666666667,15.0011583333333,22.3177291666667,2.376340514246,14.7070958999305,3.16771785962474,8.84929117442669,34.6311257817929,3.76453717859625,24.9686796386379,36.4714871438499,3.35077291666667,19.4392347222222,24.4043115438108,2.71621681723419,12.7974013888889,40.9587065368567,2.57006397774687,17.4421032078103,17.6272479166667,1.61202849200834,8.34383263888889,15.6520340277778,1.53190972222222,7.49864166666667
2022-07-19,241.74865276664,204.282677867056,106.577795832667,19.8029513888889,97.6842638888889,54.5505069444444,47.6005805555556,42.1535430555556,52.9342645833333,42.8102118055556,85.1562725321888,62.0738902777778,39.6868923611111,78.7532524613221,50.5096784722222,49.0348881944444,64.6397701388889,49.2195222222222,36.9907166666667,101.239825452017,104.261629899791,130.464569066709,147.006088020926,115.607362061424,136.000579103272,113.496973648931,104.672588856013,128.160374527009,118.102712672748,102.115952860987,131.053873857308,141.891941678335,123.065044881278,135.263661532204,120.9212605821,99.6950696560272,19.7450347222222,19.6814027777778,19.7278958333333,19.6468125,19.8016388888889,19.6736041666667,19.6840763888889,19.6464930555556,19.7821388888889,19.6290416666667,19.7204583333333,19.6155625,19.82975,19.6176458333333,19.7708611111111,19.5517222222222,9.72299827864244,9.52671763759282,11.9320875547396,13.4331293227981,10.5800849945636,12.4117105442136,10.3808793543701,9.57594550594325,11.7310876652288,10.7792085889852,9.35246244567354,11.9775959634699,12.9959704163757,11.2233460323915,12.3886603564151,11.0389510583221,9.14491834739729,9.26887769284225,2.66912438853948,5.57995444989488,39.7188263888889,3.55409722222222,26.8159097222222,39.8042638888889,6.56547986111111,27.8738055555556,20.3040347222222,1.15788958333333,10.5867708333333,20.2241319444444,3.68375277777778,11.3998138888889,19.9916666666667,2.35816457461646,14.9743513888889,10.4230375,2.60872083333333,6.90884375,31.5203958333333,2.89241736111111,17.2656805555556,25.8159027777778,2.65648472222222,11.4865673611111,3.55001250868659,8.35620486111111,29.7641111111111,3.15463680555556,23.3774583333333,34.1060347222222,4.5409875,23.3295972222222,27.2632430555556,3.88131111111111,16.7860763888889,46.821140472879,2.95591515994437,22.5110167130919,26.2572222222222,1.84587916666667,12.5611375,17.1210222531293,2.06637361111111,9.43666597222222
2022-07-20,309.154049217002,223.109951434879,108.514277354367,20.2629166666667,90.1203245309243,54.2373064628214,51.3516583333333,46.5036011118832,55.7289361111111,43.8429958304378,86.4912234118487,63.0284729166667,42.1380097289785,87.6966520818631,53.8893381944444,55.5071674774149,66.6352647671994,54.3095479166667,41.3751667824878,100.877417361111,105.233956325212,138.214147031734,149.72944513569,134.012608800301,133.867841218479,128.997912268921,108.251479575611,134.001257396867,133.986645998207,104.167271432528,137.931434404107,144.907901592297,130.497016622319,137.822857663794,139.597600573987,101.903871301174,19.8496180555556,19.8453888888889,19.8749305555556,19.8625833333333,19.9418472222222,19.8755416666667,20.2723611111111,19.8823819444444,19.9634375,19.8625902777778,19.9160972222222,19.8683541666667,20.0546319444444,19.8838055555556,20.0119652777778,19.8556458333333,9.79952747976535,9.59364674083198,12.5952664034606,13.6386811484444,12.1992490599101,12.1814934172044,11.742108652286,9.78347951917912,12.2024930587516,12.1750117255036,9.49356038576156,12.5507796578362,13.2019887747737,11.8420051656477,12.5523073191757,12.6702421493704,9.28829286742399,16.6269102296451,3.40389470013947,7.75841045296167,51.8322013888889,3.36263194444444,31.0361944444444,63.8413898540653,6.53311875,55.0407296733843,28.022786657401,1.12037248088951,11.7562326388889,40.7624513888889,8.11787986111111,54.6598200138985,32.5266111111111,2.92743015983322,19.4114394993046,25.6504277777778,2.77007638888889,10.9969590277778,29.2559207783183,2.75101876302988,16.4433333333333,62.2178263888889,3.77596041666667,20.3939534075104,3.61599229691877,10.4157211740042,38.7459833217512,3.81551319444444,27.2930277777778,23.5231597222222,3.09448125,18.5609423611111,40.1856080611536,5.60700347222222,26.6093493055556,48.3648819444444,3.81925763888889,26.5022044506259,65.8973333333333,3.07445902777778,29.0066388888889,33.2557958199357,6.22068055555556,34.8182863309353
2022-07-21,302.597580715851,191.092973958333,118.736438790906,21.2633194444444,90.0167428769979,52.8134635163308,50.4815642807505,46.8551257817929,55.9557486111111,45.1675729166667,89.0102371794872,54.3159493055556,41.4908763888889,83.7202770745429,52.7524979166667,57.0275645833333,64.47291875,55.9826111111111,43.2392472222222,91.4132451388889,108.622483028771,143.376685461266,149.516810201271,157.305099664258,133.837159726102,147.707435201543,109.084197511693,139.526909121193,155.384256931478,107.727823488396,143.072648599295,145.864601887421,137.105240105155,139.624815622097,162.591587041806,105.604227454308,21.2082708333333,21.211125,21.2167569444444,21.2468680555556,21.2510277777778,21.2571875,21.2038888888889,21.5942569444444,21.2729722222222,21.2534375,21.2268125,21.2592013888889,21.3653888888889,21.529375,21.3385208333333,21.2184027777778,10.5306560717618,9.64235551332517,12.7254278684141,13.2690071685967,13.9455966642155,11.8699835201412,13.0933209974233,9.6842843719118,12.2884479434453,13.7696371876002,9.55458964008484,12.6942696885135,12.9347953997852,12.1317900699799,12.3190928759204,14.3891105248022,9.37282265788611,23.2322929222144,5.42844683908046,9.80042609949531,24.9706671299514,3.49255347222222,20.7340868055556,25.5691591382905,4.63113472222222,19.1989305555556,34.9532416666667,1.65680194579569,14.1942770833333,13.10325,3.10925625,8.75103402777778,40.2512934631433,6.72273453787352,29.2044237762238,23.8109054899236,2.76008819444444,10.9826928422516,19.5798749131341,4.73245138888889,16.1573701388889,37.1036066712995,2.57005211952745,39.8071032798325,4.24957333333333,18.1593012048193,19.2622708333333,3.04196592489569,20.1374130737135,17.40575,4.2132625,14.9600236111111,23.7402298611111,6.25724616457462,14.9936332637439,26.324159106769,3.77394553072626,20.2862195804196,40.2544722222222,9.06191313412092,14.1952397498263,41.4861196883853,2.79895069444444,17.6133004172462
2022-07-22,91.5278416666667,53.7257048951049,118.833120856811,21.3686111111111,38.8790402777778,27.5745736111111,24.5937847222222,21.6590520833333,26.1797951388889,21.5502652777778,42.8463256944444,23.639925,17.2859409722222,42.2550986111111,24.2314715277778,24.4695888888889,25.9984958333333,26.0859541666667,20.2376083333333,42.5713472222222,109.091920961268,140.036451545382,141.531664569978,164.689116678812,129.142966225219,152.581373561674,109.294184738301,134.12078714819,162.741346642017,107.576353101964,140.115305050359,136.466777809468,133.135761609855,129.52211081498,166.691359265081,104.427645436149,21.1745625,21.1845625,21.2064166666667,21.1284791666667,21.2741944444444,21.1765208333333,21.1835694444444,21.1286458333333,21.5794097222222,21.1696805555556,21.2341180555556,21.1067847222222,21.7566527777778,21.1025833333333,21.3145,21.0847430555556,10.5163210853287,9.69203688077494,12.4383192502495,12.5653660284115,14.6441027097779,11.4505527544576,13.5547985205502,9.70826829092202,11.9258463035288,14.3436974983236,9.55826674340259,12.433352402235,12.1392174022028,11.6948854394339,11.5224106880505,14.7681381241654,9.29377164652284,14.55305625,2.97141168289291,8.87100763888889,22.4775416666667,11.1425434329395,26.3949270326616,22.9897986111111,3.65399235580264,22.1260972222222,62.3180277777778,23.5621020833333,34.9626824183461,13.7977256944444,3.56929513888889,13.8631340277778,62.8704722222222,25.6535451388889,32.0905416666667,12.8532263888889,2.10340861709521,8.12649687282835,23.0193333333333,6.74788958333333,23.3094305555556,53.3433618055556,5.24667986111111,13.9937354166667,2.82821125781793,8.49821542738012,17.0455555555556,2.47124375,22.4196736111111,20.1451216122307,6.07280403057679,19.1314236111111,31.4780653685675,5.84912447844228,23.6866900625434,26.2745031271716,3.80082001389854,21.8435858234885,53.2524027777778,12.2826666666667,22.3819375,13.6866104815864,2.07312152777778,10.8349576388889
2022-07-23,116.2781875,65.5447904967603,104.620358214108,20.1312638888889,49.6605875,35.1702597222222,29.4758979166667,27.9906326388889,33.7448736111111,28.8783944444444,55.3599490934449,28.2479638888889,23.5988340277778,53.8497118997912,30.0327625,30.2661569444444,32.8162909722222,34.0480284722222,27.5653548611111,52.4801131944444,107.154952698633,131.524595598304,129.039399217275,151.890222089402,120.834492922241,140.844800291345,107.102344523493,126.598597763888,146.687464869505,105.381621865866,131.695365272629,127.251552515422,120.958099989661,118.542634846515,151.797883492607,101.853016367921,20.0239583333333,20.0166805555556,20.0711388888889,20.0830625,20.1127291666667,20.0539513888889,20.0302013888889,20.0262638888889,20.0860972222222,20.1059444444444,20.0914444444444,20.3734930555556,20.1343055555556,20.0262083333333,20.4630763888889,19.9526597222222,9.4871616200212,9.73877858727402,11.9552046501047,11.7163228910077,13.7871774590332,10.9627047869344,12.7918429103248,9.7326719968043,11.5049439814162,13.3138414750061,9.56170068473102,11.9531051353749,11.4863902906473,10.9694043798855,10.7728888838622,13.6743512439732,9.27015198977386,8.66387421820709,2.3034143454039,6.92949166666667,24.7946083333333,13.59503125,32.5962520833333,18.4471180555556,2.06417361111111,22.5326736111111,42.7126770833333,16.1128651841557,32.7595263888889,14.81803125,3.71962586926286,23.0786604166667,42.9189520833333,15.4519402362752,26.0224513888889,5.91578958333333,1.7801000694927,6.28623402777778,18.8986520833333,4.51114791666667,32.7052833333333,50.0609930555556,7.65028561501042,7.72084842105263,2.59085234429671,7.61486591390261,15.9174840277778,2.39869423210563,25.4925458333333,17.1508076388889,3.03280194579569,22.0559305555556,19.1929284722222,3.04363333333333,22.9922932592078,21.4222340277778,3.05202432244614,22.1436414176511,55.2218534722222,3.39470763888889,24.5947513888889,9.71182013888889,1.67446388888889,8.82430069444444
2022-07-24,306.005565914057,160.567371919343,112.360910942743,20.2513888888889,85.7056699096595,50.45851875,43.4183942976356,52.5500368311327,53.6948979166667,50.6016759581882,86.5673737151248,50.973447533009,43.671318276581,77.0831527057079,45.5747173611111,53.4924986111111,56.6065250347705,52.7242909722222,45.5816625,92.9698018080668,110.38692475226,138.149966174093,133.608753553636,151.359006259267,123.976128075903,139.178236915127,109.597190975909,132.462413238719,143.185004051157,111.000625084917,136.43838914945,129.846288568033,126.167124906706,120.494321280336,147.769010432127,105.501019756668,19.9762986111111,20.4935625,20.5448333333333,20.3431666666667,20.0215277777778,20.0681666666667,19.9663611111111,20.0547222222222,20.0356805555556,20.4887013888889,20.0133333333333,20.0235208333333,20.1194097222222,19.9881458333333,20.0932986111111,19.9374097222222,10.1578554147698,10.0376909133485,12.4288948560298,12.0160100336719,13.6653207992402,11.2608526373274,12.6314474992021,9.96864374104323,12.0216098305644,13.0045586754262,9.9940131346926,12.3936290995902,11.7921142846959,11.4358104518845,10.9514082440462,13.4036798158868,9.60043274886961,11.1075656424581,4.54140909090909,6.02330612244898,19.605892981237,2.57555277777778,30.5534236111111,15.8849416666667,2.39835445682451,20.2853141070188,25.312375,0.875313888888889,15.4316972222222,16.9385486111111,2.74264166666667,18.1126333333333,20.9190883785665,2.93356954102921,16.1346046025105,5.53987847222222,1.56833611691023,5.34395760945101,14.3145208333333,2.38808958333333,23.3047116052814,27.7988472222222,2.77443125,8.10923852573018,3.22532426778243,6.99254425087108,13.7800743055556,2.22546202090592,23.8976597222222,12.5716550764951,2.20806815020862,16.1113824756606,27.6921970233877,3.9894,24.2762975679542,17.0389881944444,2.81711446629213,18.7144913013222,27.6484861111111,3.19113481584434,15.1248472222222,12.2864333333333,1.36584016678249,9.09094027777778
2022-07-25,154.071278631285,88.5694696092619,114.196910666691,20.1219305555556,58.6249277777778,39.8745701388889,36.1630881944444,41.322575,40.3209208333333,39.8471605281445,66.4328364779874,34.6682222222222,34.0762083333333,67.2689853658537,34.6047395833333,39.3358444444444,39.6738673611111,41.2592715277778,38.7285409722222,69.1992381944444,114.210007384987,137.516645553334,132.18491447013,146.242636010923,127.698316931678,140.195740714802,112.355703906641,135.512228485305,141.822311718412,111.695031764741,141.268477388042,132.62523672714,132.710545763659,122.728860820507,146.188221691265,108.252820850423,20.1788333333333,20.2206805555556,20.2090902777778,20.1732175121612,20.2807430555556,20.6294652777778,20.1862847222222,20.1821319444444,20.2574652777778,20.2118541666667,20.2140625,20.1410208333333,20.3460347222222,20.1393888888889,20.2907569444444,20.1023611111111,10.3559561322861,10.3460634827548,12.4463460757363,11.9670979085652,13.249926366295,11.5444019904381,12.5894021879308,10.1767288040093,12.2745530848222,12.827510529042,10.1118246833507,12.7872014764881,12.0224954539721,11.9813006444131,11.1262264496589,13.2134252537191,9.8213370477277,19.8418315640481,3.94684521238301,8.69825362872422,17.6205559416261,3.73228342618384,31.1014958333333,18.189148714385,4.16189506601807,22.9955476025017,19.8885111111111,0.768133425990271,12.4956567060459,14.0101131944444,2.78116319444444,17.0701980542043,17.2278255733148,2.26811838440111,15.2369596942321,6.30384097222222,2.11698189415042,5.94381293463143,15.5117512161223,2.64380277777778,23.8565045170257,18.5151236970118,2.36581502086231,12.1283806857943,3.60360829817159,6.15221469329529,17.9935,3.0729339819319,25.004808895066,13.5907277777778,3.51136319444444,22.2678326388889,20.884355179704,3.67025752274318,22.3781008462623,21.459004178273,3.5121180604357,21.9269385903699,20.8678769123783,3.35531015299026,12.6391821974965,8.30282777777778,1.32844097222222,7.003425
2022-07-26,178.690399147727,91.3553619588361,114.392807953066,20.4318958333333,55.2067282835302,33.0006694444444,31.8286798611111,38.7137819444444,32.8308979166667,36.6124666666667,59.92857408733,31.9158625,35.5296798611111,58.2651679604799,28.5511534722222,33.5238006944444,37.5264166666667,34.7442263888889,35.0892819444444,63.2383527777778,115.907321970319,134.48860460275,128.347854103035,136.829602627842,127.271769354719,131.166918809952,112.998128181966,131.86129878296,133.427789860876,112.492228761948,140.900156958192,129.334645308867,132.783420688961,120.297940409355,137.316148043333,109.126983630161,20.5659861111111,20.411375,20.4682361111111,20.359125,20.7845416666667,20.4198611111111,20.4241666666667,20.3687777777778,20.48,20.4226319444444,20.8130555555556,20.3520902777778,20.5640972222222,20.3649513888889,20.4879652777778,20.3971319444444,10.3100662419146,10.4187867034514,12.126417346362,11.5599950283744,12.3516751710439,11.3886144815983,11.8260898083716,10.1868411155412,11.8997742609195,12.016529202516,10.1414779120231,12.6069935398088,11.675201810944,11.9367413533795,10.8567281683116,12.3642479759497,9.84287758216017,10.1922364394993,4.68895072463768,6.24161265103056,23.7167916666667,7.01135625,41.5666666666667,19.5956465277778,2.95811041666667,22.7361388888889,17.9275277777778,1.86050138888889,13.6376013888889,17.1557708333333,2.84887152777778,17.2221680555556,18.8916620305981,4.3500048951049,17.176375,7.13933495482974,2.18965555555556,7.16701041666667,15.4164930555556,4.65869701181376,28.0637083333333,17.5461666666667,2.01959444444444,7.97963099374566,3.42856859971711,8.11049199721642,23.7326319444444,10.4274975677554,52.3379166666667,16.9834746351633,4.47839652777778,25.3016041666667,21.2242288904396,4.70046348314607,26.9450425531915,19.4897638888889,3.42981307097681,19.9177361111111,20.5101444444444,7.61130871080139,14.04365625,12.9620090277778,1.62297845726199,8.02655763888889
2022-07-27,122.754203755216,65.8954444444445,108.595568587232,20.1129236111111,43.9322256944444,29.3859520833333,32.3311222222222,35.8559298611111,31.9255465277778,34.7959895833333,57.2061791666667,27.9455736111111,29.6144965277778,55.4785354166667,28.4242138888889,30.38061875,31.3306555555556,32.1995118055556,34.4765875,54.5224631944444,115.301783953558,131.442992094854,128.571972805689,126.810927634957,128.484436632721,123.509806218692,112.731834047973,130.203219826608,122.998543773179,112.905390299169,135.912334746899,129.374391710826,131.338927554214,121.42589982281,127.330769975579,110.71632511359,20.1117152777778,19.9980555555556,20.0519861111111,19.7892986111111,20.1978194444444,20.0444166666667,19.9237152777778,19.9990625,19.9844583333333,20.1108819444444,19.9661875,19.9830069444444,20.0537847222222,19.9894791666667,19.9904236111111,20.2398263888889,9.85145805762055,10.4607026236577,11.9518847418112,11.6786005370519,11.5796316049818,11.6378950723044,11.2194900733811,10.265727688946,11.8384477882647,11.1863323377888,10.242937794179,12.3663285978569,11.7674546730334,11.9294164227844,11.0438584650895,11.5790106070748,10.0196989420748,13.095446143155,3.0110049088359,9.5560361362057,24.1813611111111,4.06814871438499,44.1988680555556,24.3019479166667,2.69208263888889,31.6924826388889,15.5117255038221,2.74896944444444,13.9935381944444,32.4825625,3.40765347222222,25.8507152777778,21.9641805555556,3.19506713286713,19.5897566063978,7.84421751216122,2.29835833333333,8.27853059805285,17.006191799861,4.01512647671994,33.5486458333333,17.3498255733148,2.30057956914524,7.96962726008345,3.15612044817927,8.08811821974965,29.2285347222222,13.2135944444444,36.6495694444444,28.0708055555556,3.1500625,29.8238888888889,23.0357692307692,4.31227393431167,32.0110481245577,30.7695983321751,4.34765500349895,29.2784093120222,19.7430854166667,9.21002710215427,15.6018375,14.4245625,1.84150729673384,10.5288069444444
2022-07-28,230.465693392725,152.474919649379,109.989571220684,19.7071319444444,56.6963300903405,36.9124586518416,40.8209666435024,47.8597296733843,42.4744604166667,46.4551515363128,73.9141065340909,39.6511986111111,39.8146529902643,69.6072581560284,38.508314325452,40.9655389429764,45.5164736111111,40.9150187630299,44.4718965277778,72.7439930555555,113.898781562624,131.925763186437,131.792762307105,122.444956406775,130.979440626296,118.43737179345,112.940995439939,131.28621393992,118.520006706509,111.88952595054,136.253555177641,131.683789663764,131.970809214213,123.365023170608,121.184150176214,108.808944152774,19.0486041666667,19.1852361111111,19.1814791666667,18.9864558721334,19.1641458333333,19.1455625,19.0375208333333,19.0882430555556,19.1723472222222,19.1890625,19.1252847222222,19.0635,19.2405347222222,19.0772847222222,19.1237638888889,18.9916041666667,10.0558327099566,10.5534900753967,12.1892776355418,12.176110643807,11.360112680418,12.1059202471269,10.9521885480584,10.4672466596652,12.1532088640567,10.9537739446808,10.3383726734736,12.6035603306877,12.1961564294731,12.1790946869991,11.4226118077655,11.2114707566996,10.0937920158493,16.8194097222222,3.60044577464789,12.2579096045198,24.2018555555556,3.3452043085476,45.9232333333333,30.9564027777778,3.03494927032662,38.1906671299514,19.63209375,1.28080820013899,15.6256319444444,25.5925326388889,3.10375833333333,23.6893333333333,13.7267479166667,2.14155222841226,16.6467256944444,9.71690271021543,2.05328263888889,8.15553370396108,16.7544166666667,3.24780486111111,35.0457470465601,13.5659444444444,2.16316944444444,12.5287261987491,4.42186860795455,8.76440375260598,27.7380034722222,4.83872828353023,40.66906875,23.2538402777778,2.56361944444444,26.7797150799166,26.7469652777778,4.92197637248089,41.0533040446304,35.1226615705351,3.64341417651147,33.5864767199444,17.3345368055556,1.69493537178596,12.9953919388464,12.0358,1.56387291666667,8.32303680555555
2022-07-29,237.851790935673,135.656514577259,108.930866136952,19.8997569444444,56.2149263377345,39.1077781641168,42.1582746870654,55.4542202918694,42.5364208333333,50.1825031402652,79.42392670895,45.0835458333333,38.8754141765115,74.708595338983,40.0767519110493,47.3032494788047,47.6501236111111,43.6836861111111,48.1572895833333,82.59516875,115.993434561692,134.351829387568,137.131751381705,121.479687674974,137.288528286962,117.26979763773,114.373968694951,134.516835448224,118.825899126651,113.502105262212,139.868784892739,137.841915317835,136.943420399229,128.31884635373,121.852627996864,112.177138420689,19.4386388888889,19.4472430555556,19.4966319444444,19.4151111111111,19.5245069444444,19.4493541666667,19.4323472222222,19.4391666666667,19.5304097222222,19.4517916666667,19.4925,19.3853402777778,19.6101041666667,19.3719375,19.5327847222222,19.3437708333333,9.91745588498333,10.6625863342159,12.3453633497622,12.5870667997263,11.1717212327139,12.5943565162937,10.776917575257,10.5147621626228,12.3627035239814,10.9019807143746,10.4306881637668,12.8402546113911,12.6803183934878,12.5413815275915,11.8079906157156,11.1787565291846,10.3309339480116,13.5874166666667,2.61828172942817,8.31600486448923,21.2041000694927,2.86197638888889,36.4552847222222,22.7966435024322,2.99265763888889,35.9322673611111,16.6133981931897,1.02076650451703,12.5706354166667,16.0222201388889,2.99473731758165,18.7937666666667,10.2821798611111,2.13447949965254,13.6982152777778,8.69855,2.20499861111111,6.81202291666667,13.2045576388889,2.8151,26.4489173611111,12.0054732453092,1.98748644892286,8.9800875,3.18762152777778,7.20272411396803,23.0098540653231,4.72229791666667,48.6142738012509,18.6095482974288,3.17895899930507,25.6416756944444,19.0154968728284,3.34205,27.4440694444444,25.9700347222222,3.34003125,26.7279722222222,13.0764148714385,1.57923472222222,10.5188533703961,7.5697894371091,1.68539722222222,6.45531132731063
2022-07-30,203.803395017794,121.570955022489,102.952237551799,19.4380625,53.9918769123783,36.1649458333333,40.4344735744089,51.4813569444444,39.1525902777778,46.0992148355493,66.192627773801,41.075275,40.1766097222222,66.7731595441595,38.1098326388889,45.0326048611111,42.61665625,39.45359375,45.2002375,78.0303,116.15714642613,134.163381880968,137.582359629488,119.640318135977,139.114600913794,114.910965136705,116.701471018619,135.123111583558,118.024945919247,114.714829366365,140.105647868357,139.814642179641,137.805213105616,130.646470279809,120.659571397092,113.928958919477,19.3816041666667,19.3425347222222,19.4079166666667,19.3327152777778,19.4675486111111,19.3509583333333,19.3863472222222,19.3529166666667,19.4521527777778,19.365375,19.4136666666667,19.3307916666667,19.5447569444444,19.3143472222222,19.4739652777778,19.306375,9.46527635805565,10.6916022821144,12.3579590739324,12.6562879554308,11.022582807547,12.782003427905,10.5833527714732,10.7406672561581,12.4435388688525,10.8479600983376,10.5622262179349,12.8869141618038,12.8811773338098,12.6421294581617,12.0407207680305,11.0851093169866,10.502255188901,9.77753819444444,2.1812022237665,6.10358582348853,20.7437777777778,2.4907875,38.2309652777778,20.8568659722222,2.20542390548992,24.5013222222222,15.1673541666667,0.660394444444444,10.3162375,14.0092847222222,2.96769027777778,15.9847569444444,12.0483391243919,2.14984375,14.3854760250174,7.81703194444444,2.27379097222222,5.35255763888889,12.8596229166667,3.13852083333333,25.8941765114663,13.4598958333333,1.9154625,7.36354930555556,2.08319236111111,4.55322291666667,17.4260347222222,2.69740486111111,26.5890757470466,16.9148680555556,2.40226180555556,18.5572777777778,18.2950451702571,3.11372619874913,24.3385722222222,20.4403472222222,2.75677847222222,20.9077970813065,12.4333078526755,1.85638125,9.04945972222222,6.69407361111111,1.01274097222222,4.10355347222222
2022-07-31,257.359878917379,158.881755422588,107.620534366411,19.8791944444444,51.7735708333333,38.9506444444444,40.5842041666667,54.1276909722222,41.3464659722222,50.1090675487465,71.9976979768786,41.1179027777778,41.2523666666667,56.5032992957746,39.0042756944444,45.4756534722222,44.8127366226546,41.4142277777778,46.7970291666667,79.79934375,118.046952412125,136.255514037413,142.005684887195,120.336981450779,143.756935209267,115.607393092422,119.700602133576,136.980578848101,119.394143455706,117.66122038247,141.074435405487,144.811688899732,140.865810481258,135.029517934817,121.722758736758,116.889172516692,19.5346458333333,19.5229791666667,19.5502638888889,19.5105625,19.6105694444444,19.5243958333333,19.5345,19.5120277777778,19.5921458333333,19.5590833333333,19.5530902777778,19.4947916666667,19.6600138888889,19.4722013888889,19.6068541666667,19.4705069444444,9.80410111789717,10.8309461086768,12.5028338808781,13.0228990904904,11.0455743417938,13.1682259922667,10.6087539590148,10.9827297593028,12.5726143338206,10.9419445440948,10.7898780395887,12.9381769919897,13.2948385765072,12.8908099252678,12.4024316252799,11.1516357599241,10.738321031559,5.35763888888889,1.68181502086231,3.09683541666667,11.9519652777778,1.47919791666667,20.9337222222222,13.3072638888889,1.36046805555556,16.5957777777778,8.68447222222222,0.491678472222222,5.93710277777778,8.56523611111111,1.25085972222222,8.78833333333333,7.91523611111111,1.08219097222222,8.51922916666667,5.36709027777778,1.28814027777778,3.31829166666667,7.61875694444444,1.39038125,14.1898402777778,8.40892361111111,1.00588541666667,4.99967916666667,1.42307799442897,3.00009769713887,10.2329652777778,1.456025,16.6849583333333,10.1640277777778,1.27193680555556,10.4925138888889,12.1072531293463,2.90582626824183,15.0351149825784,13.0442390548992,1.70878109798471,14.0637446068198,8.43572222222222,1.06770208333333,5.97393541666667,3.98314166666667,0.593347222222222,2.51483888888889
2022-08-01,157.770991513437,95.7105262024408,110.426885813348,20.0644166666667,47.3995826388889,34.6557152777778,33.92898125,45.3812944444444,33.8845916666667,41.5812201388889,59.5811295518207,34.5072284722222,33.4446506944444,50.3529290187891,34.0687755385685,36.8783326388889,35.2389402777778,35.6864798611111,39.2872008339124,64.1635798611111,117.050743491984,135.764180534428,141.576562399336,119.215184630303,144.972446137783,114.690194655196,119.73798992008,135.102464865254,116.638302609188,118.527388521961,141.044715240721,144.647789991285,141.543136197241,137.060917516791,121.52911774292,117.997638880914,19.813125,19.8537013888889,19.8455416666667,19.8063958333333,19.8921805555556,19.8583888888889,19.8359166666667,19.8234861111111,19.8767569444444,19.8644305555556,19.8464166666667,19.7920694444444,19.9317222222222,19.8026319444444,19.9125694444444,19.7738958333333,10.026575939515,10.6812739666174,12.377837345056,12.9098738161654,10.8796039697747,13.2073564493774,10.4559199146449,10.9213481715338,12.325008194997,10.6303759086319,10.8045752642979,12.8610149824884,13.2040022919822,12.8847142382791,12.5087780261078,11.0672012930151,10.7758520172552,6.52666422823702,1.12152523774689,3.85920424597365,11.580182748538,1.30225877192982,18.3906140350877,13.4037569444444,1.27561111111111,14.2247638888889,8.16026431718062,0.492229809104258,5.58811086637298,9.58547653958944,1.91864002932551,11.4860557184751,5.51006632653061,1.01022011661808,7.29118804664723,5.7116875,1.105475,3.51214444444444,7.41076530612245,1.66599635568513,12.8724781341108,7.23037873270211,0.886143481427531,4.69683333333333,1.30982569444444,2.90017916666667,9.81889583333333,1.48040625,16.4343611111111,10.4156805555556,1.23463333333333,11.2229861111111,10.1424722222222,1.80764652777778,13.5610902777778,12.6965208333333,1.54129652777778,12.8597013888889,7.68678745644599,0.881104529616725,5.7442243902439,6.37150799166088,0.576305767894371,2.9762404447533
2022-08-02,228.192596920924,123.651734341253,110.85828208381,20.2395833333333,57.4028102849201,43.2065920778318,46.1868159722222,58.2762229166667,44.7391020833333,54.930808200139,80.004157708628,44.4202043085476,43.7550138985407,77.4070371929825,43.9059867963864,48.1271256944444,48.9246710801394,46.8870159722222,54.2378993055556,83.1393347222222,117.530427542089,136.580587847692,144.661843435577,119.663128394579,147.183459244593,115.224710160075,120.35015861717,135.825542435564,118.06774720278,119.51819261632,140.763384310767,147.078480469759,141.799730677815,138.848181807231,122.158282165362,118.119105853327,19.8868472222222,19.9529583333333,19.9417083333333,19.8971041666667,19.9716944444444,19.9405277777778,19.9251388888889,19.9195277777778,19.9505347222222,19.9607083333333,19.9448263888889,19.8747361111111,20.0180347222222,19.8780763888889,19.9798680555556,19.8218888888889,10.023780687936,10.707957869563,12.4245992778215,13.1614115948977,10.8982079770957,13.383922181934,10.4853954432794,10.9570082695029,12.3640871394632,10.7407260927255,10.8725727066558,12.8075227462095,13.3996149936417,12.8825581821493,12.6493668406418,11.1075582043697,10.7753425751005,10.1020006944444,2.35506675938804,5.28995625,22.2692305555556,3.6111000694927,38.4108631944444,23.8081041666667,2.90188394718555,29.9365972222222,14.340347705146,1.1958637943016,10.5443266157054,18.42475,4.04474861111111,23.0044537873523,10.8664979166667,1.95889228630994,14.1538472222222,7.81189089645587,1.96833495482974,5.27190826963169,13.694775,2.50815694444444,23.0298401667825,14.6598610145935,2.08461779013204,9.04332638888889,2.41563472222222,5.47410347222222,17.5453541666667,3.15427361111111,31.9077569444444,21.3365,3.10561180555556,25.4449305555556,19.4031833333333,3.24714940931202,24.2008291666667,32.4788125,3.48664444444444,32.8874583333333,16.0745625,1.80980069444444,10.8599756944444,11.1,1.004,5.185
2022-08-03,175.775126618705,116.142233981281,104.671343706902,20.0935833333333,51.1172118055556,36.5656330785268,38.1525152777778,50.3407333333333,37.8582375,46.5652989547038,67.2711148459384,39.7977902777778,38.23418125,62.7008895104895,38.0761916666667,40.0012506944444,38.9540515679442,38.9904513888889,46.3798541666667,71.68969375,117.417720248394,136.20868136983,145.666858378223,120.176432322927,147.960000333382,114.434532287242,122.54132314909,136.144239280239,119.092908170042,120.053698462738,138.689111450957,148.073020512873,142.715787174735,139.894811769068,122.461685566789,119.005536583303,19.7561944444444,19.7727638888889,19.7829375,19.7522083333333,19.823625,19.7902083333333,20.1893888888889,19.7711666666667,19.8085625,19.8220902777778,19.7743958333333,19.7515208333333,19.8717569444444,19.7307152777778,19.8197013888889,19.7261597222222,9.498952898593,10.7266353310094,12.4385944494104,13.2994135057287,10.9790381390128,13.498050909716,10.4470828653097,11.0998749764903,12.4331915594019,10.8682753667721,10.9529277970552,12.6650891517241,13.5274766747135,13.007032872639,12.7856051088864,11.172762421946,10.8780476718142,11.5548436414177,4.02077205363444,6.12890826963169,25.8348625,3.22788194444444,36.5861527777778,26.6890201528839,2.23656984016678,27.2607291666667,16.8497984711605,0.505123002084781,10.3324881944444,20.3268930555556,2.04269305555556,16.5448666666667,12.9747430555556,2.15008263888889,15.1529097222222,7.63699444444444,1.80699652777778,4.62998819444444,14.8620763888889,1.97955625,20.7227083333333,16.4827916666667,1.94744822793607,11.6515653685675,2.95883076923077,6.08624337517434,19.7479513888889,2.31106597222222,26.279,25.7415277777778,1.94112986111111,18.7796111111111,22.4333472222222,3.60327538247566,22.0081028492008,39.5451875,2.93774146341463,28.6226944444444,19.2036805555556,1.47554791666667,11.7274166666667,10.6791923611111,1.55731111111111,5.09316458333333
2022-08-04,236.255744525547,158.799207519884,110.462042928222,20.3867708333333,49.8310222222222,36.8114329395413,38.279681723419,52.5477894371091,39.0043930555556,50.6686354166667,71.3076680820948,46.7447256944444,42.2153683113273,68.2817023060797,41.3078902777778,41.2009388888889,43.6722201388889,39.7391416666667,49.8201583333333,73.2047722222222,117.755540773079,134.485328549692,145.137567795822,121.093887243427,148.554098791886,113.522902454114,120.70436660256,137.097675236195,120.623479112294,121.304863074916,135.808351601155,146.951907979388,143.124409961016,143.597689538727,124.170092800684,121.039947889313,20.3413611111111,20.3392291666667,20.3488611111111,20.3287986111111,20.3575277777778,20.3388541666667,20.3462430555556,20.4114513888889,20.3509861111111,20.4259791666667,20.3233263888889,20.3449097222222,20.4161111111111,20.6175972222222,20.4055694444444,20.3515763888889,9.96404417711507,10.6324928421778,12.1434995017152,13.1022243814976,10.9360020281908,13.4086678454355,10.2513383163395,10.8977606282698,12.3607892657435,10.8890897742759,10.9345820392156,12.2668509897733,13.2678894244958,12.9037602342793,12.8911193477496,11.1971230367571,10.9265908201433,19.8024283707865,2.95784599156118,7.6548290960452,27.7885569444444,3.16550694444444,37.1373175816539,28.8540722724114,2.13522237665045,28.5094923504868,17.7131451388889,1.19330090340514,11.1530340277778,22.0451208333333,2.02736597222222,16.4338756944444,17.8853916083916,2.57017039106145,16.0577684210526,7.55338055555556,2.25777291666667,5.50631111111111,28.3029166666667,2.07088402777778,26.6823611111111,22.4035302293259,2.24796510816469,16.464510771369,3.93193098591549,6.9436574009729,21.3965387299372,2.43386382681564,27.7366596491228,34.3685416666667,2.19090972222222,21.7930513888889,37.2845111731844,3.94126429567643,26.1338282899367,46.7407197763802,3.19094273743017,29.5839915671117,33.2994923504868,1.78787830319889,15.1202435629784,20.9783451388889,1.76934746351633,7.47288672689368
2022-08-05,86.6491986111111,49.995833917309,107.408363481012,20.5394930555556,34.0249076388889,23.3000013888889,22.6907868055556,31.3627881944444,23.29391875,30.1388388888889,40.4841939986043,22.7269777777778,24.9651222222222,39.2107987421384,24.1294916666667,23.7505083333333,24.0008006944444,24.0460125,29.1362895833333,40.6272722222222,112.848855864138,127.627656029773,138.29072290753,116.900528260628,140.61724571122,107.29833088958,116.085022996568,131.404195187371,114.377892163779,117.652645192218,127.166296637375,140.907814899203,136.47178883138,132.734660888071,119.106016937812,116.777833735754,20.5494930555556,20.6155625,20.5915,20.5512013888889,20.5744305555556,20.6296597222222,20.5677013888889,20.8075486111111,20.5757291666667,20.6275972222222,20.552625,20.5566805555556,20.6570486111111,20.5611666666667,20.6218541666667,20.5174236111111,9.66091664804012,10.14907455583,11.463057087771,12.4269406959941,10.5130393768403,12.6402911167285,9.63487650648063,10.4366076868713,11.7576849526024,10.2810247391766,10.5649157834671,11.4360015158618,12.6705415204962,12.2475008579407,11.9336580019044,10.6964194815437,10.5090988765185,8.51957847222222,2.29192430555556,5.41811458333333,27.2374715277778,4.40341458333333,38.9727291666667,25.8224183460737,2.82317083333333,35.1641319444444,16.2182696316887,1.05433402777778,11.038475,19.4563333333333,2.11100763888889,16.0318125,15.1062222222222,2.25661180555556,15.3550486111111,6.23509027777778,2.18664097222222,4.27870813064628,18.7461180555556,2.63524930555556,23.9941458333333,22.4554097222222,2.03089305555556,14.5775138888889,2.95781685236769,7.13071299513551,20.7544583333333,2.48426875,27.4581229166667,21.2216875,2.46375138888889,19.5612361111111,32.1292847222222,6.08528630993746,37.3798123697012,30.9021264767199,2.57104517025712,23.5330576789437,26.6210138888889,1.59134166666667,13.6882684283727,13.3257645833333,2.0889125,6.78831041666667
2022-08-06,223.254073932927,148.789045118343,102.704909551524,20.3952222222222,93.3171163294798,38.4705138888889,40.4525111265647,55.7425145833333,42.3869861111111,50.9388158443363,69.3284985795455,43.9176305555556,39.7521736111111,67.4525529986053,43.7000180555556,44.2665340277778,44.9306972222222,40.6676055555556,49.8600778318277,73.183340514246,110.18471460769,124.207233269713,132.083338687869,115.353086165854,133.93661266115,105.283201092206,112.874703440978,129.38325015683,114.674026778349,115.784066881906,121.456581355952,135.636356673336,131.529672999721,131.853628563043,114.905335324101,114.837143863538,20.1959652777778,20.3566666666667,20.2553611111111,20.2023263888889,20.2600138888889,20.3393402777778,20.1891180555556,20.2888958333333,20.4637361111111,20.3205694444444,20.2000069444444,20.2679027777778,20.27475,20.2579583333333,20.2010833333333,20.1978263888889,9.26443406538039,9.97871364086917,11.2119388631766,11.9473353096468,10.4441656410851,12.1138409445184,9.50722134844858,10.2238755839591,11.6949022608902,10.327998241913,10.4597439720497,10.9983588040929,12.2651414376932,11.8929564400043,11.9256201228213,10.4051648338202,10.3997144952421,12.9496680555556,2.84856485355649,7.17115208333333,33.0242965277778,3.39978318276581,43.0481375,29.1247361111111,7.69111944444444,48.7932590277778,21.7044444444444,0.717058333333333,13.1627041666667,24.8634715277778,4.37978804725504,23.1536553161918,18.9024878387769,2.25545069444444,17.7047097222222,6.88445,2.37942708333333,6.69235302293259,39.8925069444444,5.89863472222222,43.2005489923558,25.844510076442,2.05858234885337,10.854730876217,2.68974287699792,7.60997984711605,26.0012717164698,3.29828680555556,32.4711883252259,36.4877986111111,3.64790410006949,30.5973106323836,38.3818680555556,6.09492013888889,39.0188186240445,50.3451146629604,4.27259166666667,36.7260548992356,37.3275,1.93115,17.5100555555556,46.4707902777778,2.25723766504517,14.7811305555556
2022-08-07,132.871375782881,60.1736334745763,111.425102236553,20.4644652777778,41.5281916666667,33.5633270833333,32.91960625,48.4019728978457,34.7784875,42.788255733148,61.4717187938289,36.4180277777778,35.3647763888889,54.6127728860936,37.7943555555556,37.6712763888889,37.8785343988881,36.1731722222222,43.2009631944444,62.9283951388889,108.740991433171,125.202334386154,130.591560149706,116.28567481562,131.82714781082,104.897064215544,111.482271159284,131.175016614199,113.258331819881,116.853674017718,122.03788382298,133.551943888682,132.552687463929,131.007567167527,114.044717020996,114.227597917418,19.9597847222222,20.1578055555556,20.0008055555556,19.9811944444444,20.0056319444444,20.1390486111111,19.9649513888889,20.072875,20.0338125,20.1525555555556,19.9569652777778,20.0480277777778,20.4808680555556,20.0457291666667,19.9455972222222,19.9873680555556,10.031118297145,9.89324944524621,11.3438016753628,11.8695046795935,10.5731416206382,11.9809291136915,9.50855549834183,10.1416883870502,11.9047021641675,10.2876676546042,10.5897290843768,11.100695411603,12.1274193928712,11.934151302228,11.8962915601847,10.3777135372867,10.3867752370724,13.0027916666667,2.40023333333333,8.11937638888889,35.3221875,3.31305277777778,41.1864558721334,30.3974166666667,8.16231736111111,65.3178194444444,19.2859902710215,0.747682638888889,12.321042390549,28.4914166666667,10.0199069444444,34.2422708333333,20.6187491313412,2.4204788047255,17.8705976372481,6.34162638888889,2.5379625,6.87968611111111,37.6049583333333,3.12380486111111,34.7391597222222,33.2864166666667,1.92183472222222,8.16384930555555,2.40496942321056,6.36621542738013,26.8625156358582,3.06275763888889,31.27330625,31.5897638888889,7.34963819444444,38.8079444444444,44.8423055555556,9.85979791666667,49.2254097222222,48.7423639526792,4.74043254520167,40.9678977746871,43.8232383599722,3.18758860319666,21.1397331480195,61.2023194444444,2.48843263888889,17.1878854166667
2022-08-08,161.523756643357,82.3551587526577,112.025920442061,20.7004583333333,38.331975,38.1508130646282,36.7279756775539,53.0672020833333,37.5857201388889,48.4651055555556,66.196372027972,40.0235031271716,37.8157560806115,62.8692351294612,41.2822423611111,40.4764204308548,38.8295587213343,38.8957261987491,46.9773043780403,67.5547185545518,107.919041851478,126.066095557261,129.118822440166,116.355494677686,129.847293557558,104.341895533435,110.598327789215,132.935223087875,113.178421306064,119.952570357009,122.740911700361,134.586523665135,127.96067024777,131.553583865293,112.838305869925,116.608864118816,20.3133680555556,20.5161805555556,20.3550555555556,20.3370694444444,20.3677222222222,20.5564097222222,20.3501666666667,20.5869236111111,20.3039861111111,20.7769166666667,20.3169305555556,21.0861527777778,20.3581597222222,20.7642361111111,20.3126944444444,20.7391527777778,10.0366092964386,9.75072330966708,11.3422152852853,11.6546382943379,10.5063184979432,11.717287357928,9.381552748544,9.98567840513987,11.9432760917536,10.2266626693146,10.7377059185327,11.086714720367,11.9706001656433,11.54950172335,11.7780528160879,10.1941186541854,10.4467181350099,8.20067916666667,3.70292355802641,6.15872569444444,37.2829861111111,3.45788611111111,40.4671458333333,26.2220208333333,3.47887638888889,35.8289236111111,17.1273333333333,0.523552777777778,10.0043638888889,23.3577847222222,4.48982083333333,29.2838541666667,23.2890625,2.87330902777778,17.7492569444444,6.29115625,4.15649791666667,7.66251527777778,26.3553472222222,5.933,31.7027333333333,25.6314871438499,1.74396944444444,13.2903688239388,2.7461732776618,8.7737280945758,27.1036458333333,2.78221527777778,29.7823958333333,27.6152777777778,3.138936066713,23.4396673611111,25.5402777777778,4.50969930555556,26.1303541666667,32.2267199444058,4.00440027797081,27.8552883947186,47.237125,2.8050382209868,17.5023141070188,35.7598332175122,2.03590208333333,11.5652173611111
2022-08-09,168.257170526316,99.4972307692308,100.609760439331,20.1124097222222,38.2974506944444,35.5845854166667,36.7853593859037,51.4905601111883,36.3193618055556,45.8475274496178,61.777733615222,39.5450986111111,35.8444666666667,59.2010133053221,40.2894847222222,40.3153868055556,38.6196455872133,38.1235552466991,46.2801993055556,63.6707965277778,105.064970723769,128.123680245091,128.486622476612,119.129719270348,127.083340091775,104.501129415213,108.3230782756,133.233199475966,112.063887710492,120.313615436234,121.905827473741,127.553097173827,124.436214629645,126.460611647515,114.104714968602,116.102739846213,19.9189861111111,20.6399930555556,20.4853125,20.5212361111111,19.9837013888889,20.5147708333333,19.9719375,20.3932361111111,19.9579861111111,20.5038819444444,19.94275,20.3089027777778,20.0259722222222,20.2650416666667,20.4185069444444,20.2235208333333,9.12411876280594,9.5669568444401,11.4977135908666,11.5648028173425,10.718670733816,11.5564298517102,9.40416094628853,9.85348702633706,12.018386267422,10.1960658155958,10.8295559943547,11.0943213647976,11.5249757138475,11.306235494407,11.4347072741844,10.2896668455961,10.507907352675,10.2207333333333,2.61339513888889,7.57451111111111,35.0843085476025,3.9121625,37.3729236111111,28.3379027777778,5.10289444444444,51.0856875,17.0001638888889,0.584613888888889,9.66603194444444,23.5447569444444,6.66285863509749,30.1998332175122,24.5729256428075,3.94983895921238,20.9841597222222,6.31085833333333,2.45359097222222,4.90312916666667,27.6808472222222,4.19480694444444,31.5518902015288,25.7418541666667,1.59787152777778,8.393775,2.24700555941626,5.70924391938846,27.57325,2.22113551077137,26.0414680555556,18.1117013888889,2.92277291666667,20.3434305555556,20.8455625,3.92556428075052,20.8355763888889,25.4216155988858,3.22250382209868,21.9666174216028,56.6262083333333,4.32860319666435,19.9587013888889,25.3072916666667,2.21274652777778,8.76830208333333
2022-08-10,139.799228472222,83.0222761770907,105.561448163755,20.1353402777778,43.6636041666667,38.0221840277778,37.14280625,47.8398735232801,38.4176555555556,46.5771980542043,64.358735744089,36.4906069444444,42.4761381944444,58.9935156358582,42.5203479166667,35.9506131944444,38.3706243902439,36.8900569444444,47.1573034722222,58.6222180555556,106.768409885456,131.416485847382,127.336467521239,117.716579884074,130.868089258837,105.098238849716,107.122089479016,135.055936010791,116.074493646302,124.802062216595,125.483251941466,126.020587380213,125.002994689709,130.415265415995,114.245785546174,116.217288265294,20.1657638888889,20.4960902777778,19.9267222222222,20.0439236111111,20.4001041666667,20.2834791666667,19.9155277777778,20.1852986111111,19.9129930555556,20.6745694444444,19.8791805555556,20.1003541666667,19.9618541666667,20.07675,19.9223680555556,20.0397083333333,9.56861454368682,9.67239071361971,11.8286384069465,11.5913922976829,10.6896752575122,11.797265926705,9.50039430708219,9.75511217097064,12.2319489519175,10.5692116669688,11.196723771989,11.4324973945163,11.4331855942931,11.3715598027823,11.8360751418507,10.4005397994184,10.5561057100671,7.3384829742877,3.05508432055749,6.6167574704656,36.5988693537179,3.50081723419041,35.5292423611111,28.5576548611111,2.58671180555556,31.073318276581,17.4993284722222,0.621246870653686,9.55225208333333,18.2711883252259,2.67086041666667,15.1139375,15.7432291666667,2.46871418636996,14.2599805555556,5.73855763888889,2.56476736111111,4.94741875,31.7418666666667,3.16581319444444,29.5677840277778,33.2259576388889,2.9008949930459,15.9463456614509,3.72808815232722,6.9955774748924,25.4027526059764,1.95842489568846,24.5470041666667,17.7023669214732,2.37467477414871,17.928086170952,20.2856104166667,3.76695552466991,21.4931638888889,35.1356865776528,3.41013431786217,23.9539305949009,33.0029402362752,3.02671140472879,12.7306194444444,19.4134305555556,1.9152063933287,7.70400902777778
2022-08-11,234.468446143155,130.721595683453,106.500651716256,20.4395347222222,54.0251863699583,52.4091146629604,51.2161187150838,69.5930667603654,46.3444520833333,58.310525,76.3307826388889,49.6006263888889,45.59053125,79.05776875,60.4557180555556,59.5737576388889,49.7063638888889,46.8543027777778,56.2332256944444,73.9849708333333,104.855422259814,130.621247958065,126.254886426433,118.44989714212,127.608118376748,107.633279322551,108.908454442284,135.877480015499,116.279740183335,124.256960067424,126.632505762744,124.746516696554,123.291156017331,131.517868577014,115.829888059056,118.556356946042,20.2827291666667,20.4279861111111,20.2131875,20.4349513888889,20.2595347222222,20.9243125,20.1803194444444,20.5450694444444,20.1925486111111,20.6689305555556,20.2134722222222,20.7270138888889,20.2292291666667,20.6613263888889,20.3169375,21.0306597222222,9.58077055383153,9.4593705062996,11.7546248236985,11.4109030976755,10.6719129464984,11.5292061104664,9.62699007481364,9.84553088078958,12.2160474238318,10.5130450054387,11.1299562084892,11.4491504270821,11.1926107870204,11.1360265579601,11.8090002588804,10.4641758743747,10.5814036814765,5.53478387769284,5.86817998610146,4.42295066018068,38.5623194444444,6.28743641417651,33.2814176511466,27.1661201388889,5.52171944444444,27.5155875,15.8066361111111,4.59514593467686,8.47349166666667,15.26064375,3.95871855455177,12.1688368055556,11.7532319444444,5.21109659485754,12.4104232105629,5.44702084781098,5.86333009034051,4.79239305555556,36.211704940849,15.0936562282533,25.9145020862309,36.91125,5.84580625,54.1360576789437,2.79722523961661,55.917949930459,27.4470243055556,6.4697574704656,23.6180486787204,18.271314325452,6.4055393728223,16.5407965277778,33.8112847222222,7.36934583333333,20.9366481223922,47.8813055555556,5.9400625,26.552362751911,38.3100486787204,2.3521961414791,20.9826161335188,27.2432454798331,6.38472272411397,8.77510034843205
2022-08-12,226.967364249578,124.547841549296,100.762807168383,20.4570320404722,125.478550813008,17.8938265306122,26.2072107925801,47.6743423271501,23.75826306914,31.1623558178752,40.7532546374368,32.4171264755481,21.6407706576728,43.4270370994941,29.6351349072513,38.9858516020236,24.0543204047218,24.8076863406408,29.8065801011804,46.0772748735245,101.7484910684,128.994747371102,120.87056689305,118.953264630148,123.705414919503,105.953056487448,106.896724737883,133.949382579302,113.847248096692,122.12993692011,123.433533650737,118.507341611161,119.068912067729,126.740631081257,114.423380557126,113.124405415054,20.480084317032,20.9647386172007,20.5262731871838,20.6151264755481,20.5377234401349,21.1250927487352,20.5207251264755,20.9350758853288,20.5200168634064,20.9234569983137,20.5070826306914,20.7850084317032,20.5982462057336,20.6673355817875,20.6036930860034,20.6525463743676,9.07679859693553,9.1631661218423,11.5064670336778,10.8750298988048,10.6843359521376,11.1274849916547,9.42102367132388,9.61895867718973,11.9554594552442,10.2445174988163,10.9030255123858,11.1097181084509,10.6079512378286,10.697853702048,11.371467632424,10.2796510320247,10.1531177372279,6.1698802698145,2.47407925801012,5.17775042158516,39.1939123102867,4.01249747048904,36.6556323777403,26.735497470489,3.72094435075885,30.8352445193929,15.9443676222597,0.785809443507589,10.0335986509275,17.9732883642496,4.07210455311973,18.1435244519393,12.4588870151771,3.33931871838111,14.0705227655987,6.09950084317032,3.04225126475548,6.03456155143339,24.1043001686341,4.56973187183811,21.6039291736931,18.5759021922428,2.26823271500843,8.06791399662732,2.56177571669477,5.67686509274874,23.787436762226,2.11478583473862,21.611281618887,16.4918381112985,3.0309089376054,18.5721247892074,24.1679595278246,4.82004890387858,21.7286340640809,31.1144076655052,5.52386597938144,25.4529668411867,25.0899829351536,11.3943794871795,19.112680887372,9.93668296795953,2.27966779089376,6.58776559865093
